{"cameraMode":{"drawMode":0,"name":"Shaded","section":"Shading Mode"},"sceneLighting":true,"audioPlay":false,"sceneViewState":{"showFog":true,"showMaterialUpdate":false,"showSkybox":true,"showFlares":true,"showImageEffects":true,"showParticleSystems":true},"in2DMode":false,"pivot":{"x":-1.4154086112976075,"y":3.1999969482421877,"z":19.977821350097658},"rotation":{"x":-0.40636616945266726,"y":0.11112087219953537,"z":-0.049864262342453,"w":-0.9055563807487488},"size":12.192595481872559,"orthographic":false}