{"cameraMode":{"drawMode":0,"name":"Shaded","section":"Shading Mode"},"sceneLighting":true,"audioPlay":false,"sceneViewState":{"showFog":true,"showMaterialUpdate":false,"showSkybox":false,"showFlares":true,"showImageEffects":true,"showParticleSystems":true},"in2DMode":false,"pivot":{"x":1.4801466464996338,"y":1.4415748119354249,"z":-7.565979957580566},"rotation":{"x":0.022231565788388253,"y":0.990519642829895,"z":-0.13356079161167146,"w":0.023198194801807405},"size":3.4367661476135256,"orthographic":false}