{"cameraMode":{"drawMode":0,"name":"Shaded","section":"Shading Mode"},"sceneLighting":true,"audioPlay":false,"sceneViewState":{"showFog":true,"showMaterialUpdate":false,"showSkybox":true,"showFlares":true,"showImageEffects":true,"showParticleSystems":true},"in2DMode":false,"pivot":{"x":-2.5354790687561037,"y":65.4758529663086,"z":-6.371317386627197},"rotation":{"x":-0.06773479282855988,"y":0.9262092113494873,"z":-0.311372309923172,"w":-0.20148412883281709},"size":50.12505340576172,"orthographic":false}